<?xml version="1.0" encoding="UTF-8"?>
<project-private xmlns="http://www.netbeans.org/ns/project-private/1">
    <editor-bookmarks xmlns="http://www.netbeans.org/ns/editor-bookmarks/2" lastBookmarkId="0"/>
    <open-files xmlns="http://www.netbeans.org/ns/projectui-open-files/2">
        <group>
            <file>file:/C:/importante/Lorenzo%20FP/2SI/AndroidProyecto/ANDROIDVINTED/VintedAPI/src/java/api/APIusuarios.java</file>
            <file>file:/C:/importante/Lorenzo%20FP/2SI/AndroidProyecto/ANDROIDVINTED/VintedAPI/src/java/Controller/Controller.java</file>
            <file>file:/C:/importante/Lorenzo%20FP/2SI/AndroidProyecto/ANDROIDVINTED/VintedAPI/src/java/DAO/ProductoDAO.java</file>
            <file>file:/C:/importante/Lorenzo%20FP/2SI/AndroidProyecto/ANDROIDVINTED/VintedAPI/src/java/POJO/Products.java</file>
            <file>file:/C:/importante/Lorenzo%20FP/2SI/AndroidProyecto/ANDROIDVINTED/VintedAPI/src/java/api/APIproductos.java</file>
            <file>file:/C:/importante/Lorenzo%20FP/2SI/AndroidProyecto/ANDROIDVINTED/VintedAPI/src/java/DAO/DAO.java</file>
            <file>file:/C:/importante/Lorenzo%20FP/2SI/AndroidProyecto/ANDROIDVINTED/VintedAPI/src/java/api/ApplicationConfig.java</file>
            <file>file:/C:/importante/Lorenzo%20FP/2SI/AndroidProyecto/ANDROIDVINTED/VintedAPI/src/java/Factory/Motor.java</file>
        </group>
    </open-files>
</project-private>
